{
"meta":{"test_sets":[],"test_metrics":[],"learn_metrics":[{"best_value":"Min","name":"Logloss"}],"launch_mode":"Train","parameters":"","iteration_count":200,"learn_sets":["learn"],"name":"experiment"},
"iterations":[
<<<<<<< HEAD
{"learn":[0.6177875469],"iteration":0,"passed_time":0.01306010315,"remaining_time":2.598960526},
{"learn":[0.5609796697],"iteration":1,"passed_time":0.01675255468,"remaining_time":1.658502913},
{"learn":[0.4967811221],"iteration":2,"passed_time":0.02040391087,"remaining_time":1.339856814},
{"learn":[0.4518637389],"iteration":3,"passed_time":0.02401374221,"remaining_time":1.176673368},
{"learn":[0.4010101913],"iteration":4,"passed_time":0.02842640204,"remaining_time":1.10862968},
{"learn":[0.3617750556],"iteration":5,"passed_time":0.03289301756,"remaining_time":1.063540901},
{"learn":[0.3336273127],"iteration":6,"passed_time":0.0374338862,"remaining_time":1.032105719},
{"learn":[0.3113821451],"iteration":7,"passed_time":0.0424874482,"remaining_time":1.019698757},
{"learn":[0.3012097511],"iteration":8,"passed_time":0.04668704682,"remaining_time":0.9908028826},
{"learn":[0.2901532392],"iteration":9,"passed_time":0.05081597685,"remaining_time":0.9655035601},
{"learn":[0.2740660168],"iteration":10,"passed_time":0.05567311563,"remaining_time":0.9565653504},
{"learn":[0.2659122748],"iteration":11,"passed_time":0.06018270809,"remaining_time":0.9428624268},
{"learn":[0.2556109738],"iteration":12,"passed_time":0.06482544498,"remaining_time":0.9324890931},
{"learn":[0.2502329442],"iteration":13,"passed_time":0.06970810892,"remaining_time":0.9261220185},
{"learn":[0.244480067],"iteration":14,"passed_time":0.07773942235,"remaining_time":0.9587862089},
{"learn":[0.2343322622],"iteration":15,"passed_time":0.0838182729,"remaining_time":0.9639101384},
{"learn":[0.2306194553],"iteration":16,"passed_time":0.08833561539,"remaining_time":0.9509069186},
{"learn":[0.2255494419],"iteration":17,"passed_time":0.09407759584,"remaining_time":0.9512290246},
{"learn":[0.2191028678],"iteration":18,"passed_time":0.09896786717,"remaining_time":0.9427991557},
{"learn":[0.2145243723],"iteration":19,"passed_time":0.1040030222,"remaining_time":0.9360271994},
{"learn":[0.2112648704],"iteration":20,"passed_time":0.1092539053,"remaining_time":0.9312594785},
{"learn":[0.2075309258],"iteration":21,"passed_time":0.1140953733,"remaining_time":0.9231352934},
{"learn":[0.204105691],"iteration":22,"passed_time":0.1195427939,"remaining_time":0.9199597617},
{"learn":[0.2011738567],"iteration":23,"passed_time":0.12502607,"remaining_time":0.916857847},
{"learn":[0.1989688956],"iteration":24,"passed_time":0.1304173352,"remaining_time":0.9129213462},
{"learn":[0.1953944087],"iteration":25,"passed_time":0.1364415841,"remaining_time":0.9131090631},
{"learn":[0.1922965277],"iteration":26,"passed_time":0.1422327089,"remaining_time":0.9113429123},
{"learn":[0.189479316],"iteration":27,"passed_time":0.146103078,"remaining_time":0.8974903365},
{"learn":[0.1871923471],"iteration":28,"passed_time":0.1498896931,"remaining_time":0.883832328},
{"learn":[0.1850972196],"iteration":29,"passed_time":0.1536927113,"remaining_time":0.8709253639},
{"learn":[0.1832622181],"iteration":30,"passed_time":0.1582667241,"remaining_time":0.8628089152},
{"learn":[0.1813106785],"iteration":31,"passed_time":0.1624137766,"remaining_time":0.8526723273},
{"learn":[0.1801906767],"iteration":32,"passed_time":0.1669227292,"remaining_time":0.8447301751},
{"learn":[0.1794267134],"iteration":33,"passed_time":0.171011459,"remaining_time":0.8349382999},
{"learn":[0.1782846822],"iteration":34,"passed_time":0.1752437402,"remaining_time":0.8261490611},
{"learn":[0.1763886786],"iteration":35,"passed_time":0.179614053,"remaining_time":0.818241797},
{"learn":[0.1749319597],"iteration":36,"passed_time":0.1836512573,"remaining_time":0.8090582415},
{"learn":[0.1736860895],"iteration":37,"passed_time":0.1904038645,"remaining_time":0.811721738},
{"learn":[0.1722732478],"iteration":38,"passed_time":0.1945768949,"remaining_time":0.8032533356},
{"learn":[0.171620885],"iteration":39,"passed_time":0.1987106981,"remaining_time":0.7948427924},
{"learn":[0.1709577222],"iteration":40,"passed_time":0.2034328273,"remaining_time":0.7889224277},
{"learn":[0.1703280494],"iteration":41,"passed_time":0.2079910844,"remaining_time":0.7824426508},
{"learn":[0.1694945298],"iteration":42,"passed_time":0.2127502431,"remaining_time":0.7767857715},
{"learn":[0.168657179],"iteration":43,"passed_time":0.2175269799,"remaining_time":0.7712320197},
{"learn":[0.1672561447],"iteration":44,"passed_time":0.2227360962,"remaining_time":0.7672021091},
{"learn":[0.1669278],"iteration":45,"passed_time":0.2271258742,"remaining_time":0.7603779266},
{"learn":[0.1661514018],"iteration":46,"passed_time":0.2315689239,"remaining_time":0.7538307522},
{"learn":[0.1648789938],"iteration":47,"passed_time":0.2369063776,"remaining_time":0.7502035289},
{"learn":[0.1645818933],"iteration":48,"passed_time":0.2413121893,"remaining_time":0.7436355222},
{"learn":[0.1638583889],"iteration":49,"passed_time":0.2463073733,"remaining_time":0.7389221198},
{"learn":[0.1629321936],"iteration":50,"passed_time":0.2519089105,"remaining_time":0.7359691698},
{"learn":[0.1620857932],"iteration":51,"passed_time":0.2566816111,"remaining_time":0.7305553548},
{"learn":[0.1613146629],"iteration":52,"passed_time":0.2611727902,"remaining_time":0.7243849086},
{"learn":[0.1610946325],"iteration":53,"passed_time":0.2661439091,"remaining_time":0.7195742727},
{"learn":[0.1603211572],"iteration":54,"passed_time":0.2720118172,"remaining_time":0.7171220636},
{"learn":[0.1598699],"iteration":55,"passed_time":0.2765666834,"remaining_time":0.7111714715},
{"learn":[0.1594846651],"iteration":56,"passed_time":0.280095234,"remaining_time":0.7026950607},
{"learn":[0.1589875159],"iteration":57,"passed_time":0.2847631202,"remaining_time":0.6971786736},
{"learn":[0.1587164908],"iteration":58,"passed_time":0.2887722037,"remaining_time":0.6901166224},
{"learn":[0.1583033805],"iteration":59,"passed_time":0.292816839,"remaining_time":0.6832392911},
{"learn":[0.1580164856],"iteration":60,"passed_time":0.296768043,"remaining_time":0.676241934},
{"learn":[0.1577784716],"iteration":61,"passed_time":0.3022011387,"remaining_time":0.6726412441},
{"learn":[0.1573175868],"iteration":62,"passed_time":0.3067062471,"remaining_time":0.6669643786},
{"learn":[0.1566785507],"iteration":63,"passed_time":0.3111136283,"remaining_time":0.6611164602},
{"learn":[0.1562020108],"iteration":64,"passed_time":0.3155987943,"remaining_time":0.6554744189},
{"learn":[0.1558389375],"iteration":65,"passed_time":0.3206978379,"remaining_time":0.6511137921},
{"learn":[0.1556693073],"iteration":66,"passed_time":0.32512121,"remaining_time":0.6453898647},
{"learn":[0.1550937009],"iteration":67,"passed_time":0.3292500535,"remaining_time":0.6391324568},
{"learn":[0.1546950732],"iteration":68,"passed_time":0.3340522645,"remaining_time":0.6342151689},
{"learn":[0.1541709735],"iteration":69,"passed_time":0.3384557323,"remaining_time":0.6285606457},
{"learn":[0.1539781083],"iteration":70,"passed_time":0.3426426441,"remaining_time":0.6225479026},
{"learn":[0.1536888519],"iteration":71,"passed_time":0.346981859,"remaining_time":0.6168566382},
{"learn":[0.1534026505],"iteration":72,"passed_time":0.3519163305,"remaining_time":0.6122379997},
{"learn":[0.1531304033],"iteration":73,"passed_time":0.3561889249,"remaining_time":0.6064838451},
{"learn":[0.1526572653],"iteration":74,"passed_time":0.3606663769,"remaining_time":0.6011106282},
{"learn":[0.1521215067],"iteration":75,"passed_time":0.3652877634,"remaining_time":0.5959958245},
{"learn":[0.1514697715],"iteration":76,"passed_time":0.369220289,"remaining_time":0.5897934487},
{"learn":[0.1512190583],"iteration":77,"passed_time":0.3735112383,"remaining_time":0.5842098856},
{"learn":[0.1507317019],"iteration":78,"passed_time":0.3780230706,"remaining_time":0.5789973614},
{"learn":[0.1504997815],"iteration":79,"passed_time":0.3823992891,"remaining_time":0.5735989336},
{"learn":[0.1501356513],"iteration":80,"passed_time":0.3867604198,"remaining_time":0.5682035797},
{"learn":[0.1498554444],"iteration":81,"passed_time":0.3913971079,"remaining_time":0.5632299846},
{"learn":[0.1495964414],"iteration":82,"passed_time":0.3955165594,"remaining_time":0.5575353909},
{"learn":[0.1490981527],"iteration":83,"passed_time":0.400238479,"remaining_time":0.5527102805},
{"learn":[0.1488858012],"iteration":84,"passed_time":0.404332491,"remaining_time":0.5470380761},
{"learn":[0.1486518001],"iteration":85,"passed_time":0.4085529689,"remaining_time":0.5415702146},
{"learn":[0.1480749221],"iteration":86,"passed_time":0.412768221,"remaining_time":0.5361242411},
{"learn":[0.1477507719],"iteration":87,"passed_time":0.4172311298,"remaining_time":0.531021438},
{"learn":[0.1475503765],"iteration":88,"passed_time":0.4213543585,"remaining_time":0.5255093685},
{"learn":[0.1474124198],"iteration":89,"passed_time":0.4251757249,"remaining_time":0.5196592193},
{"learn":[0.1471212148],"iteration":90,"passed_time":0.4294051744,"remaining_time":0.5143424617},
{"learn":[0.1466766126],"iteration":91,"passed_time":0.4340629141,"remaining_time":0.5095521166},
{"learn":[0.1464699089],"iteration":92,"passed_time":0.4381502055,"remaining_time":0.5041083009},
{"learn":[0.1463065705],"iteration":93,"passed_time":0.4422117269,"remaining_time":0.4986642877},
{"learn":[0.1460445454],"iteration":94,"passed_time":0.4463806952,"remaining_time":0.4933681368},
{"learn":[0.1458015277],"iteration":95,"passed_time":0.4506996443,"remaining_time":0.488257948},
{"learn":[0.1453795],"iteration":96,"passed_time":0.4547126417,"remaining_time":0.4828391969},
{"learn":[0.1452254754],"iteration":97,"passed_time":0.4588127317,"remaining_time":0.477539782},
{"learn":[0.1449965275],"iteration":98,"passed_time":0.4630153118,"remaining_time":0.4723691565},
{"learn":[0.1445474666],"iteration":99,"passed_time":0.4671970948,"remaining_time":0.4671970948},
{"learn":[0.1443140434],"iteration":100,"passed_time":0.471374613,"remaining_time":0.4620404622},
{"learn":[0.143815441],"iteration":101,"passed_time":0.4753245724,"remaining_time":0.4566843931},
{"learn":[0.1436444237],"iteration":102,"passed_time":0.4793919073,"remaining_time":0.4514661651},
{"learn":[0.1433008037],"iteration":103,"passed_time":0.4843556015,"remaining_time":0.4470974783},
{"learn":[0.1429736645],"iteration":104,"passed_time":0.4886554769,"remaining_time":0.44211686},
{"learn":[0.1427306468],"iteration":105,"passed_time":0.4931037547,"remaining_time":0.4372806881},
{"learn":[0.1426662429],"iteration":106,"passed_time":0.4977673019,"remaining_time":0.4326388699},
{"learn":[0.1426188812],"iteration":107,"passed_time":0.5018321237,"remaining_time":0.4274866239},
{"learn":[0.1422399876],"iteration":108,"passed_time":0.5057878353,"remaining_time":0.4222632387},
{"learn":[0.1421951525],"iteration":109,"passed_time":0.511033986,"remaining_time":0.4181187158},
{"learn":[0.1417114786],"iteration":110,"passed_time":0.5150443785,"remaining_time":0.4129635107},
{"learn":[0.1416049644],"iteration":111,"passed_time":0.518987251,"remaining_time":0.4077756972},
{"learn":[0.1413065262],"iteration":112,"passed_time":0.5230278419,"remaining_time":0.4026851526},
{"learn":[0.1409326859],"iteration":113,"passed_time":0.5283142541,"remaining_time":0.3985528583},
{"learn":[0.1406350074],"iteration":114,"passed_time":0.5330576531,"remaining_time":0.3939991349},
{"learn":[0.140482981],"iteration":115,"passed_time":0.5383000326,"remaining_time":0.3898034719},
{"learn":[0.1403163563],"iteration":116,"passed_time":0.5429280652,"remaining_time":0.3851540975},
{"learn":[0.14017224],"iteration":117,"passed_time":0.5470908918,"remaining_time":0.3801818062},
{"learn":[0.1400340357],"iteration":118,"passed_time":0.5513387725,"remaining_time":0.3752810132},
{"learn":[0.139724203],"iteration":119,"passed_time":0.5556329922,"remaining_time":0.3704219948},
{"learn":[0.1394787413],"iteration":120,"passed_time":0.5600675959,"remaining_time":0.3656639675},
{"learn":[0.1392509493],"iteration":121,"passed_time":0.5642389186,"remaining_time":0.3607429152},
{"learn":[0.1390313813],"iteration":122,"passed_time":0.56851609,"remaining_time":0.3559003165},
{"learn":[0.1388262959],"iteration":123,"passed_time":0.573743441,"remaining_time":0.3516492058},
{"learn":[0.1384554611],"iteration":124,"passed_time":0.5784938517,"remaining_time":0.347096311},
{"learn":[0.1381215347],"iteration":125,"passed_time":0.5832408469,"remaining_time":0.3425382752},
{"learn":[0.1379641],"iteration":126,"passed_time":0.5873266746,"remaining_time":0.3375972224},
{"learn":[0.1378650583],"iteration":127,"passed_time":0.5912668444,"remaining_time":0.3325876},
{"learn":[0.1375278374],"iteration":128,"passed_time":0.5954792778,"remaining_time":0.3277444087},
{"learn":[0.1373798651],"iteration":129,"passed_time":0.5990030146,"remaining_time":0.3225400848},
{"learn":[0.1371324382],"iteration":130,"passed_time":0.6025882127,"remaining_time":0.3173937914},
{"learn":[0.1367985119],"iteration":131,"passed_time":0.6064125136,"remaining_time":0.3123943252},
{"learn":[0.1365883732],"iteration":132,"passed_time":0.6102961458,"remaining_time":0.3074424193},
{"learn":[0.1364075467],"iteration":133,"passed_time":0.6140042004,"remaining_time":0.3024199793},
{"learn":[0.1361590546],"iteration":134,"passed_time":0.6176712141,"remaining_time":0.2973972512},
{"learn":[0.1357523518],"iteration":135,"passed_time":0.6215507946,"remaining_time":0.2924944916},
{"learn":[0.1356310659],"iteration":136,"passed_time":0.6259941941,"remaining_time":0.2878659433},
{"learn":[0.1353410168],"iteration":137,"passed_time":0.6306215487,"remaining_time":0.2833227248},
{"learn":[0.1349870261],"iteration":138,"passed_time":0.6350714024,"remaining_time":0.2787003996},
{"learn":[0.1348634943],"iteration":139,"passed_time":0.6391860537,"remaining_time":0.2739368801},
{"learn":[0.1345841379],"iteration":140,"passed_time":0.6438017504,"remaining_time":0.2693922218},
{"learn":[0.134326877],"iteration":141,"passed_time":0.6479738701,"remaining_time":0.2646653836},
{"learn":[0.1341632496],"iteration":142,"passed_time":0.6517470799,"remaining_time":0.2597872976},
{"learn":[0.1340949979],"iteration":143,"passed_time":0.6553168008,"remaining_time":0.2548454225},
{"learn":[0.1338985658],"iteration":144,"passed_time":0.659231486,"remaining_time":0.2500533223},
{"learn":[0.1336406691],"iteration":145,"passed_time":0.6629831461,"remaining_time":0.2452129445},
{"learn":[0.1335196474],"iteration":146,"passed_time":0.668168463,"remaining_time":0.2409042758},
{"learn":[0.1333419337],"iteration":147,"passed_time":0.6722720458,"remaining_time":0.2362036918},
{"learn":[0.1330774976],"iteration":148,"passed_time":0.6761244358,"remaining_time":0.2314251425},
{"learn":[0.1326850462],"iteration":149,"passed_time":0.6802278295,"remaining_time":0.2267426098},
{"learn":[0.1324726534],"iteration":150,"passed_time":0.6842651444,"remaining_time":0.2220463051},
{"learn":[0.1321873768],"iteration":151,"passed_time":0.6881765031,"remaining_time":0.2173188957},
{"learn":[0.1318177888],"iteration":152,"passed_time":0.6922630972,"remaining_time":0.2126559841},
{"learn":[0.1314504054],"iteration":153,"passed_time":0.6969817361,"remaining_time":0.2081893497},
{"learn":[0.1314193428],"iteration":154,"passed_time":0.7010998961,"remaining_time":0.2035451311},
{"learn":[0.1312565659],"iteration":155,"passed_time":0.7062618198,"remaining_time":0.1992020518},
{"learn":[0.1311906592],"iteration":156,"passed_time":0.7107157842,"remaining_time":0.1946546415},
{"learn":[0.1311410929],"iteration":157,"passed_time":0.7145691279,"remaining_time":0.1899487555},
{"learn":[0.1307730406],"iteration":158,"passed_time":0.7188372302,"remaining_time":0.1853605436},
{"learn":[0.1305692103],"iteration":159,"passed_time":0.7237011942,"remaining_time":0.1809252986},
{"learn":[0.1304380574],"iteration":160,"passed_time":0.7282139649,"remaining_time":0.1763996561},
{"learn":[0.1301396853],"iteration":161,"passed_time":0.7326479127,"remaining_time":0.1718556832},
{"learn":[0.1299120255],"iteration":162,"passed_time":0.7370312629,"remaining_time":0.167301575},
{"learn":[0.1295667706],"iteration":163,"passed_time":0.7413374855,"remaining_time":0.1627326188},
{"learn":[0.1293683403],"iteration":164,"passed_time":0.7455523506,"remaining_time":0.1581474683},
{"learn":[0.1293033088],"iteration":165,"passed_time":0.7499034121,"remaining_time":0.1535946748},
{"learn":[0.1289900825],"iteration":166,"passed_time":0.754871715,"remaining_time":0.149166267},
{"learn":[0.1288612993],"iteration":167,"passed_time":0.7589838239,"remaining_time":0.1445683474},
{"learn":[0.128725184],"iteration":168,"passed_time":0.7629832085,"remaining_time":0.1399554998},
{"learn":[0.1286130963],"iteration":169,"passed_time":0.7669359538,"remaining_time":0.1353416389},
{"learn":[0.1284291816],"iteration":170,"passed_time":0.7723288774,"remaining_time":0.1309797511},
{"learn":[0.1282246247],"iteration":171,"passed_time":0.7768222017,"remaining_time":0.1264594282},
{"learn":[0.1280691799],"iteration":172,"passed_time":0.7812759648,"remaining_time":0.1219332431},
{"learn":[0.1279620877],"iteration":173,"passed_time":0.7863032476,"remaining_time":0.1174935887},
{"learn":[0.1279258893],"iteration":174,"passed_time":0.7908653693,"remaining_time":0.112980767},
{"learn":[0.1278262118],"iteration":175,"passed_time":0.794934363,"remaining_time":0.1084001404},
{"learn":[0.1276731367],"iteration":176,"passed_time":0.7993122275,"remaining_time":0.1038654307},
{"learn":[0.1275062974],"iteration":177,"passed_time":0.8042008468,"remaining_time":0.09939561028},
{"learn":[0.1273493251],"iteration":178,"passed_time":0.808599544,"remaining_time":0.09486363365},
{"learn":[0.1272467824],"iteration":179,"passed_time":0.812930706,"remaining_time":0.090325634},
{"learn":[0.1270694485],"iteration":180,"passed_time":0.8176015765,"remaining_time":0.08582557985},
{"learn":[0.1269146147],"iteration":181,"passed_time":0.8218487735,"remaining_time":0.08128174683},
{"learn":[0.1268497484],"iteration":182,"passed_time":0.8259085663,"remaining_time":0.0767237466},
{"learn":[0.126638751],"iteration":183,"passed_time":0.8295105871,"remaining_time":0.0721313554},
{"learn":[0.1263529129],"iteration":184,"passed_time":0.8332772441,"remaining_time":0.06756301979},
{"learn":[0.126208582],"iteration":185,"passed_time":0.8371227997,"remaining_time":0.06300924299},
{"learn":[0.125944344],"iteration":186,"passed_time":0.8409597435,"remaining_time":0.05846244206},
{"learn":[0.1258173526],"iteration":187,"passed_time":0.8447935546,"remaining_time":0.05392299285},
{"learn":[0.1255576724],"iteration":188,"passed_time":0.8487520454,"remaining_time":0.04939826719},
{"learn":[0.1253863413],"iteration":189,"passed_time":0.852638377,"remaining_time":0.04487570405},
{"learn":[0.1252491278],"iteration":190,"passed_time":0.8563388129,"remaining_time":0.04035104354},
{"learn":[0.1251438438],"iteration":191,"passed_time":0.8602551369,"remaining_time":0.03584396404},
{"learn":[0.1250455699],"iteration":192,"passed_time":0.8641400754,"remaining_time":0.03134186802},
{"learn":[0.1249142601],"iteration":193,"passed_time":0.8683686635,"remaining_time":0.02685676279},
{"learn":[0.1247879871],"iteration":194,"passed_time":0.8722131789,"remaining_time":0.02236444048},
{"learn":[0.1246208257],"iteration":195,"passed_time":0.875985314,"remaining_time":0.01787725131},
{"learn":[0.1244580323],"iteration":196,"passed_time":0.8797796823,"remaining_time":0.01339766014},
{"learn":[0.1242875434],"iteration":197,"passed_time":0.8842788013,"remaining_time":0.008932109104},
{"learn":[0.1241669345],"iteration":198,"passed_time":0.8881225145,"remaining_time":0.004462927209},
{"learn":[0.1240432211],"iteration":199,"passed_time":0.8918372096,"remaining_time":0}
=======
{"learn":[0.6177875469],"iteration":0,"passed_time":0.1509812675,"remaining_time":30.04527224},
{"learn":[0.5609796697],"iteration":1,"passed_time":0.1543265742,"remaining_time":15.27833085},
{"learn":[0.4967811221],"iteration":2,"passed_time":0.1580316537,"remaining_time":10.37741193},
{"learn":[0.4518637389],"iteration":3,"passed_time":0.1634921045,"remaining_time":8.011113121},
{"learn":[0.4010101913],"iteration":4,"passed_time":0.1679427816,"remaining_time":6.549768483},
{"learn":[0.3617750556],"iteration":5,"passed_time":0.1751268227,"remaining_time":5.662433934},
{"learn":[0.3336273127],"iteration":6,"passed_time":0.178820887,"remaining_time":4.930347312},
{"learn":[0.3113821451],"iteration":7,"passed_time":0.1817891526,"remaining_time":4.362939663},
{"learn":[0.3012097511],"iteration":8,"passed_time":0.18479546,"remaining_time":3.921770317},
{"learn":[0.2901532392],"iteration":9,"passed_time":0.1883996749,"remaining_time":3.579593823},
{"learn":[0.2740660168],"iteration":10,"passed_time":0.1921908353,"remaining_time":3.302187988},
{"learn":[0.2659122748],"iteration":11,"passed_time":0.1952246672,"remaining_time":3.058519787},
{"learn":[0.2556109738],"iteration":12,"passed_time":0.1986798206,"remaining_time":2.857932804},
{"learn":[0.2502329442],"iteration":13,"passed_time":0.201526183,"remaining_time":2.677419288},
{"learn":[0.244480067],"iteration":14,"passed_time":0.2054821062,"remaining_time":2.534279309},
{"learn":[0.2343322622],"iteration":15,"passed_time":0.2087995798,"remaining_time":2.401195167},
{"learn":[0.2306194553],"iteration":16,"passed_time":0.2139181387,"remaining_time":2.302765846},
{"learn":[0.2255494419],"iteration":17,"passed_time":0.2169217735,"remaining_time":2.193320154},
{"learn":[0.2191028678],"iteration":18,"passed_time":0.2204740057,"remaining_time":2.100305002},
{"learn":[0.2145243723],"iteration":19,"passed_time":0.223757337,"remaining_time":2.013816033},
{"learn":[0.2112648704],"iteration":20,"passed_time":0.2267551146,"remaining_time":1.932817406},
{"learn":[0.2075309258],"iteration":21,"passed_time":0.2299932989,"remaining_time":1.860854873},
{"learn":[0.204105691],"iteration":22,"passed_time":0.2331548937,"remaining_time":1.794278964},
{"learn":[0.2011738567],"iteration":23,"passed_time":0.2367287488,"remaining_time":1.736010825},
{"learn":[0.1989688956],"iteration":24,"passed_time":0.2399762799,"remaining_time":1.679833959},
{"learn":[0.1953944087],"iteration":25,"passed_time":0.2430821259,"remaining_time":1.626780381},
{"learn":[0.1922965277],"iteration":26,"passed_time":0.2463540249,"remaining_time":1.578490604},
{"learn":[0.189479316],"iteration":27,"passed_time":0.2494981879,"remaining_time":1.532631726},
{"learn":[0.1871923471],"iteration":28,"passed_time":0.2529465268,"remaining_time":1.491512279},
{"learn":[0.1850972196],"iteration":29,"passed_time":0.2561285477,"remaining_time":1.451395104},
{"learn":[0.1832622181],"iteration":30,"passed_time":0.2592001457,"remaining_time":1.413058859},
{"learn":[0.1813106785],"iteration":31,"passed_time":0.2622959209,"remaining_time":1.377053585},
{"learn":[0.1801906767],"iteration":32,"passed_time":0.265403566,"remaining_time":1.343102895},
{"learn":[0.1794267134],"iteration":33,"passed_time":0.2688306098,"remaining_time":1.312525918},
{"learn":[0.1782846822],"iteration":34,"passed_time":0.2721027476,"remaining_time":1.282770096},
{"learn":[0.1763886786],"iteration":35,"passed_time":0.2752361599,"remaining_time":1.253853617},
{"learn":[0.1749319597],"iteration":36,"passed_time":0.2780907475,"remaining_time":1.225102482},
{"learn":[0.1736860895],"iteration":37,"passed_time":0.2817006858,"remaining_time":1.200934503},
{"learn":[0.1722732478],"iteration":38,"passed_time":0.2859076959,"remaining_time":1.180285616},
{"learn":[0.171620885],"iteration":39,"passed_time":0.2893222848,"remaining_time":1.157289139},
{"learn":[0.1709577222],"iteration":40,"passed_time":0.294058954,"remaining_time":1.140374968},
{"learn":[0.1703280494],"iteration":41,"passed_time":0.2974572952,"remaining_time":1.119006015},
{"learn":[0.1694945298],"iteration":42,"passed_time":0.3009077506,"remaining_time":1.098663182},
{"learn":[0.168657179],"iteration":43,"passed_time":0.3047462117,"remaining_time":1.080463841},
{"learn":[0.1672561447],"iteration":44,"passed_time":0.3094101664,"remaining_time":1.065746129},
{"learn":[0.1669278],"iteration":45,"passed_time":0.3126714657,"remaining_time":1.04676969},
{"learn":[0.1661514018],"iteration":46,"passed_time":0.3156268365,"remaining_time":1.027466085},
{"learn":[0.1648789938],"iteration":47,"passed_time":0.3201048643,"remaining_time":1.013665404},
{"learn":[0.1645818933],"iteration":48,"passed_time":0.3232260942,"remaining_time":0.9960640863},
{"learn":[0.1638583889],"iteration":49,"passed_time":0.3261668136,"remaining_time":0.9785004409},
{"learn":[0.1629321936],"iteration":50,"passed_time":0.3290995739,"remaining_time":0.9614869904},
{"learn":[0.1620857932],"iteration":51,"passed_time":0.3320485594,"remaining_time":0.9450612845},
{"learn":[0.1613146629],"iteration":52,"passed_time":0.3357878517,"remaining_time":0.931336117},
{"learn":[0.1610946325],"iteration":53,"passed_time":0.338749962,"remaining_time":0.915879527},
{"learn":[0.1603211572],"iteration":54,"passed_time":0.3418087457,"remaining_time":0.9011321479},
{"learn":[0.1598699],"iteration":55,"passed_time":0.3447844633,"remaining_time":0.8865886199},
{"learn":[0.1594846651],"iteration":56,"passed_time":0.3477223755,"remaining_time":0.8723561351},
{"learn":[0.1589875159],"iteration":57,"passed_time":0.3513901341,"remaining_time":0.8602999835},
{"learn":[0.1587164908],"iteration":58,"passed_time":0.354362082,"remaining_time":0.8468653147},
{"learn":[0.1583033805],"iteration":59,"passed_time":0.3573678621,"remaining_time":0.8338583449},
{"learn":[0.1580164856],"iteration":60,"passed_time":0.3602976404,"remaining_time":0.8210060987},
{"learn":[0.1577784716],"iteration":61,"passed_time":0.3633233441,"remaining_time":0.8086874433},
{"learn":[0.1573175868],"iteration":62,"passed_time":0.3665169391,"remaining_time":0.7970288993},
{"learn":[0.1566785507],"iteration":63,"passed_time":0.3695377969,"remaining_time":0.7852678184},
{"learn":[0.1562020108],"iteration":64,"passed_time":0.3725442549,"remaining_time":0.7737457602},
{"learn":[0.1558389375],"iteration":65,"passed_time":0.3754008628,"remaining_time":0.7621775093},
{"learn":[0.1556693073],"iteration":66,"passed_time":0.378257679,"remaining_time":0.750869721},
{"learn":[0.1550937009],"iteration":67,"passed_time":0.3810977038,"remaining_time":0.7397778956},
{"learn":[0.1546950732],"iteration":68,"passed_time":0.3841786189,"remaining_time":0.7293825953},
{"learn":[0.1541709735],"iteration":69,"passed_time":0.3870669032,"remaining_time":0.7188385346},
{"learn":[0.1539781083],"iteration":70,"passed_time":0.3899352191,"remaining_time":0.7084738488},
{"learn":[0.1536888519],"iteration":71,"passed_time":0.3928274213,"remaining_time":0.6983598601},
{"learn":[0.1534026505],"iteration":72,"passed_time":0.3957902905,"remaining_time":0.6885666698},
{"learn":[0.1531304033],"iteration":73,"passed_time":0.4009751037,"remaining_time":0.6827413928},
{"learn":[0.1526572653],"iteration":74,"passed_time":0.4042293302,"remaining_time":0.6737155503},
{"learn":[0.1521215067],"iteration":75,"passed_time":0.407432774,"remaining_time":0.6647587365},
{"learn":[0.1514697715],"iteration":76,"passed_time":0.4106609993,"remaining_time":0.6559909469},
{"learn":[0.1512190583],"iteration":77,"passed_time":0.4146280534,"remaining_time":0.6485208015},
{"learn":[0.1507317019],"iteration":78,"passed_time":0.4179911809,"remaining_time":0.6402143404},
{"learn":[0.1504997815],"iteration":79,"passed_time":0.421775149,"remaining_time":0.6326627236},
{"learn":[0.1501356513],"iteration":80,"passed_time":0.426365995,"remaining_time":0.6263895482},
{"learn":[0.1498554444],"iteration":81,"passed_time":0.4323333316,"remaining_time":0.6221382089},
{"learn":[0.1495964414],"iteration":82,"passed_time":0.4361620044,"remaining_time":0.6148307773},
{"learn":[0.1490981527],"iteration":83,"passed_time":0.4394623135,"remaining_time":0.6068765282},
{"learn":[0.1488858012],"iteration":84,"passed_time":0.4436387045,"remaining_time":0.6002170709},
{"learn":[0.1486518001],"iteration":85,"passed_time":0.4516468332,"remaining_time":0.5986946394},
{"learn":[0.1480749221],"iteration":86,"passed_time":0.4567709596,"remaining_time":0.5932772234},
{"learn":[0.1477507719],"iteration":87,"passed_time":0.4610680426,"remaining_time":0.5868138724},
{"learn":[0.1475503765],"iteration":88,"passed_time":0.4675456829,"remaining_time":0.5831187731},
{"learn":[0.1474124198],"iteration":89,"passed_time":0.4707876389,"remaining_time":0.5754071142},
{"learn":[0.1471212148],"iteration":90,"passed_time":0.4740917505,"remaining_time":0.5678681407},
{"learn":[0.1466766126],"iteration":91,"passed_time":0.4771721426,"remaining_time":0.5601586022},
{"learn":[0.1464699089],"iteration":92,"passed_time":0.4807856262,"remaining_time":0.553161957},
{"learn":[0.1463065705],"iteration":93,"passed_time":0.4840976553,"remaining_time":0.545897356},
{"learn":[0.1460445454],"iteration":94,"passed_time":0.4873183325,"remaining_time":0.5386149991},
{"learn":[0.1458015277],"iteration":95,"passed_time":0.4905478167,"remaining_time":0.5314268015},
{"learn":[0.1453795],"iteration":96,"passed_time":0.4943320878,"remaining_time":0.5249093303},
{"learn":[0.1452254754],"iteration":97,"passed_time":0.4976903285,"remaining_time":0.5180042195},
{"learn":[0.1449965275],"iteration":98,"passed_time":0.5007624434,"remaining_time":0.5108788564},
{"learn":[0.1445474666],"iteration":99,"passed_time":0.5038861335,"remaining_time":0.5038861335},
{"learn":[0.1443140434],"iteration":100,"passed_time":0.506877323,"remaining_time":0.4968401483},
{"learn":[0.143815441],"iteration":101,"passed_time":0.5100116922,"remaining_time":0.4900112336},
{"learn":[0.1436444237],"iteration":102,"passed_time":0.5135505307,"remaining_time":0.4836349658},
{"learn":[0.1433008037],"iteration":103,"passed_time":0.5172950579,"remaining_time":0.4775031304},
{"learn":[0.1429736645],"iteration":104,"passed_time":0.5205787988,"remaining_time":0.4709998655},
{"learn":[0.1427306468],"iteration":105,"passed_time":0.523731298,"remaining_time":0.4644409624},
{"learn":[0.1426662429],"iteration":106,"passed_time":0.5268998903,"remaining_time":0.4579597178},
{"learn":[0.1426188812],"iteration":107,"passed_time":0.530059908,"remaining_time":0.4515325142},
{"learn":[0.1422399876],"iteration":108,"passed_time":0.5333659389,"remaining_time":0.44528716},
{"learn":[0.1421951525],"iteration":109,"passed_time":0.5363986529,"remaining_time":0.4388716251},
{"learn":[0.1417114786],"iteration":110,"passed_time":0.5397025369,"remaining_time":0.4327344665},
{"learn":[0.1416049644],"iteration":111,"passed_time":0.5438941711,"remaining_time":0.4273454202},
{"learn":[0.1413065262],"iteration":112,"passed_time":0.5470625142,"remaining_time":0.4211897233},
{"learn":[0.1409326859],"iteration":113,"passed_time":0.5501472807,"remaining_time":0.4150233872},
{"learn":[0.1406350074],"iteration":114,"passed_time":0.5533208086,"remaining_time":0.4089762498},
{"learn":[0.140482981],"iteration":115,"passed_time":0.5564049865,"remaining_time":0.4029139557},
{"learn":[0.1403163563],"iteration":116,"passed_time":0.5594421897,"remaining_time":0.3968692457},
{"learn":[0.14017224],"iteration":117,"passed_time":0.5626619277,"remaining_time":0.3910023566},
{"learn":[0.1400340357],"iteration":118,"passed_time":0.5656529065,"remaining_time":0.3850242473},
{"learn":[0.139724203],"iteration":119,"passed_time":0.5687063343,"remaining_time":0.3791375562},
{"learn":[0.1394787413],"iteration":120,"passed_time":0.5737011929,"remaining_time":0.3745652417},
{"learn":[0.1392509493],"iteration":121,"passed_time":0.5801762176,"remaining_time":0.3709323358},
{"learn":[0.1390313813],"iteration":122,"passed_time":0.5832615759,"remaining_time":0.3651312304},
{"learn":[0.1388262959],"iteration":123,"passed_time":0.5864063195,"remaining_time":0.3594103248},
{"learn":[0.1384554611],"iteration":124,"passed_time":0.5893960129,"remaining_time":0.3536376077},
{"learn":[0.1381215347],"iteration":125,"passed_time":0.5949703661,"remaining_time":0.3494270404},
{"learn":[0.1379641],"iteration":126,"passed_time":0.5982139047,"remaining_time":0.3438552365},
{"learn":[0.1378650583],"iteration":127,"passed_time":0.6014437351,"remaining_time":0.338312101},
{"learn":[0.1375278374],"iteration":128,"passed_time":0.6044673392,"remaining_time":0.3326913262},
{"learn":[0.1373798651],"iteration":129,"passed_time":0.6103816858,"remaining_time":0.3286670616},
{"learn":[0.1371324382],"iteration":130,"passed_time":0.6134541565,"remaining_time":0.3231170748},
{"learn":[0.1367985119],"iteration":131,"passed_time":0.6165097127,"remaining_time":0.3175959126},
{"learn":[0.1365883732],"iteration":132,"passed_time":0.6194351043,"remaining_time":0.3120462556},
{"learn":[0.1364075467],"iteration":133,"passed_time":0.62239894,"remaining_time":0.3065547018},
{"learn":[0.1361590546],"iteration":134,"passed_time":0.6265904693,"remaining_time":0.3016917074},
{"learn":[0.1357523518],"iteration":135,"passed_time":0.629572871,"remaining_time":0.2962695864},
{"learn":[0.1356310659],"iteration":136,"passed_time":0.632459539,"remaining_time":0.2908390581},
{"learn":[0.1353410168],"iteration":137,"passed_time":0.6354184976,"remaining_time":0.2854778757},
{"learn":[0.1349870261],"iteration":138,"passed_time":0.6383549641,"remaining_time":0.2801413871},
{"learn":[0.1348634943],"iteration":139,"passed_time":0.6417919449,"remaining_time":0.2750536907},
{"learn":[0.1345841379],"iteration":140,"passed_time":0.6448732795,"remaining_time":0.2698405921},
{"learn":[0.134326877],"iteration":141,"passed_time":0.6478866028,"remaining_time":0.2646297392},
{"learn":[0.1341632496],"iteration":142,"passed_time":0.6508410312,"remaining_time":0.2594261453},
{"learn":[0.1340949979],"iteration":143,"passed_time":0.6536709568,"remaining_time":0.2542053721},
{"learn":[0.1338985658],"iteration":144,"passed_time":0.6569383136,"remaining_time":0.2491834983},
{"learn":[0.1336406691],"iteration":145,"passed_time":0.6599648643,"remaining_time":0.2440965937},
{"learn":[0.1335196474],"iteration":146,"passed_time":0.6628890748,"remaining_time":0.2390008229},
{"learn":[0.1333419337],"iteration":147,"passed_time":0.665805742,"remaining_time":0.2339317472},
{"learn":[0.1330774976],"iteration":148,"passed_time":0.668711896,"remaining_time":0.2288879644},
{"learn":[0.1326850462],"iteration":149,"passed_time":0.6716692919,"remaining_time":0.223889764},
{"learn":[0.1324726534],"iteration":150,"passed_time":0.674758072,"remaining_time":0.2189612287},
{"learn":[0.1321873768],"iteration":151,"passed_time":0.677898485,"remaining_time":0.2140732058},
{"learn":[0.1318177888],"iteration":152,"passed_time":0.6809888791,"remaining_time":0.2091926622},
{"learn":[0.1314504054],"iteration":153,"passed_time":0.6843191393,"remaining_time":0.2044070156},
{"learn":[0.1314193428],"iteration":154,"passed_time":0.6872834814,"remaining_time":0.199533914},
{"learn":[0.1312565659],"iteration":155,"passed_time":0.6905097025,"remaining_time":0.1947591469},
{"learn":[0.1311906592],"iteration":156,"passed_time":0.6934208162,"remaining_time":0.1899178032},
{"learn":[0.1311410929],"iteration":157,"passed_time":0.6963306133,"remaining_time":0.1851005428},
{"learn":[0.1307730406],"iteration":158,"passed_time":0.6994049992,"remaining_time":0.1803497168},
{"learn":[0.1305692103],"iteration":159,"passed_time":0.7024086757,"remaining_time":0.1756021689},
{"learn":[0.1304380574],"iteration":160,"passed_time":0.7055877907,"remaining_time":0.1709187816},
{"learn":[0.1301396853],"iteration":161,"passed_time":0.7087666494,"remaining_time":0.1662539054},
{"learn":[0.1299120255],"iteration":162,"passed_time":0.7117350601,"remaining_time":0.1615594922},
{"learn":[0.1295667706],"iteration":163,"passed_time":0.7147683342,"remaining_time":0.1569003661},
{"learn":[0.1293683403],"iteration":164,"passed_time":0.7177522049,"remaining_time":0.1522504677},
{"learn":[0.1293033088],"iteration":165,"passed_time":0.7207938574,"remaining_time":0.1476324768},
{"learn":[0.1289900825],"iteration":166,"passed_time":0.7245055526,"remaining_time":0.1431657679},
{"learn":[0.1288612993],"iteration":167,"passed_time":0.7280343372,"remaining_time":0.1386732071},
{"learn":[0.128725184],"iteration":168,"passed_time":0.7310172831,"remaining_time":0.1340919277},
{"learn":[0.1286130963],"iteration":169,"passed_time":0.733934512,"remaining_time":0.1295178551},
{"learn":[0.1284291816],"iteration":170,"passed_time":0.7372896699,"remaining_time":0.1250374294},
{"learn":[0.1282246247],"iteration":171,"passed_time":0.7410393162,"remaining_time":0.1206343073},
{"learn":[0.1280691799],"iteration":172,"passed_time":0.7446617114,"remaining_time":0.1162188798},
{"learn":[0.1279620877],"iteration":173,"passed_time":0.7476076213,"remaining_time":0.1117114836},
{"learn":[0.1279258893],"iteration":174,"passed_time":0.7505808482,"remaining_time":0.1072258355},
{"learn":[0.1278262118],"iteration":175,"passed_time":0.7535567565,"remaining_time":0.1027577395},
{"learn":[0.1276731367],"iteration":176,"passed_time":0.7564796831,"remaining_time":0.09829961984},
{"learn":[0.1275062974],"iteration":177,"passed_time":0.7594802215,"remaining_time":0.09386834198},
{"learn":[0.1273493251],"iteration":178,"passed_time":0.7624693699,"remaining_time":0.08945171379},
{"learn":[0.1272467824],"iteration":179,"passed_time":0.7654063197,"remaining_time":0.08504514664},
{"learn":[0.1270694485],"iteration":180,"passed_time":0.7683479359,"remaining_time":0.08065530819},
{"learn":[0.1269146147],"iteration":181,"passed_time":0.7712625708,"remaining_time":0.07627871579},
{"learn":[0.1268497484],"iteration":182,"passed_time":0.7741213848,"remaining_time":0.07191291553},
{"learn":[0.126638751],"iteration":183,"passed_time":0.7770174553,"remaining_time":0.06756673524},
{"learn":[0.1263529129],"iteration":184,"passed_time":0.7804913574,"remaining_time":0.06328308303},
{"learn":[0.126208582],"iteration":185,"passed_time":0.7879936584,"remaining_time":0.05931135064},
{"learn":[0.125944344],"iteration":186,"passed_time":0.7924491822,"remaining_time":0.0550900501},
{"learn":[0.1258173526],"iteration":187,"passed_time":0.7959961607,"remaining_time":0.05080826558},
{"learn":[0.1255576724],"iteration":188,"passed_time":0.8013253783,"remaining_time":0.04663798498},
{"learn":[0.1253863413],"iteration":189,"passed_time":0.8059319491,"remaining_time":0.042417471},
{"learn":[0.1252491278],"iteration":190,"passed_time":0.8091768709,"remaining_time":0.03812875308},
{"learn":[0.1251438438],"iteration":191,"passed_time":0.8122800932,"remaining_time":0.03384500388},
{"learn":[0.1250455699],"iteration":192,"passed_time":0.8156294472,"remaining_time":0.02958241518},
{"learn":[0.1249142601],"iteration":193,"passed_time":0.8192246512,"remaining_time":0.02533684488},
{"learn":[0.1247879871],"iteration":194,"passed_time":0.8222230034,"remaining_time":0.02108264111},
{"learn":[0.1246208257],"iteration":195,"passed_time":0.8253546843,"remaining_time":0.01684397315},
{"learn":[0.1244580323],"iteration":196,"passed_time":0.8286147439,"remaining_time":0.01261849864},
{"learn":[0.1242875434],"iteration":197,"passed_time":0.8318048257,"remaining_time":0.008402068946},
{"learn":[0.1241669345],"iteration":198,"passed_time":0.835016889,"remaining_time":0.004196064769},
{"learn":[0.1240432211],"iteration":199,"passed_time":0.8380712568,"remaining_time":0}
>>>>>>> 5c6ff1f (18-7-2025 commit)
]}