Prospect ID,Lead Number,Lead Origin,Lead Source,Do Not Email,Do Not Call,Converted,TotalVisits,Total Time Spent on Website,Page Views Per Visit,Last Activity,Country,Specialization,How did you hear about X Education,What is your current occupation,What matters most to you in choosing a course,Search,Magazine,Newspaper Article,X Education Forums,Newspaper,Digital Advertisement,Through Recommendations,Receive More Updates About Our Courses,Tags,Lead Quality,Update me on Supply Chain Content,Get updates on DM Content,Lead Profile,City,Asymmetrique Activity Index,Asymmetrique Profile Index,Asymmetrique Activity Score,Asymmetrique Profile Score,I agree to pay the amount through cheque,A free copy of Mastering The Interview,Last Notable Activity,Predicted_Converted,Prob_Class_0,Prob_Class_1,Actual_Converted,Prediction_Correct
7927b2df-8bba-4d29-b9a2-b6e0beafe620,660737,API,Olark Chat,No,No,0,0,0,0,Page Visited on Website,,Select,Select,Unemployed,Better Career Prospects,No,No,No,No,No,No,No,No,Interested in other courses,Low in Relevance,No,No,Select,Select,02.Medium,02.Medium,15,15,No,No,Modified,0,0.98749286,0.012507168,0,True
3a0d1133-fab5-4015-9dd3-b59c4e1cf4c3,660738,Landing Page Submission,Google,No,No,1,5,250,3,Email Opened,India,Finance Management,Online Search,Student,Better Career Prospects,No,No,No,No,Yes,Yes,Yes,Yes,Ringing,High in Relevance,Yes,No,Potential Lead,Delhi,03.High,03.High,45,65,Yes,Yes,Approached directly,0,0.9858019,0.014198112,1,False
6cfe8bd4-291e-4d6e-a6cb-46e582d91e76,660739,Lead Add Form,Direct Traffic,Yes,No,0,1,120,2,Email Bounced,India,IT Projects Management,Online Search,Working Professional,Flexibility & Convenience,No,No,No,No,No,Yes,No,No,Not Specified,Not Sure,No,Yes,Other Leads,Mumbai,01.Low,01.Low,10,5,No,No,Email Opened,0,0.9854392,0.014560806,0,True
e9fef572-e3b3-4ae0-a741-746e015d31c9,660740,API,Facebook,No,Yes,0,3,180,4,Converted to Opportunity,India,Select,Referral,Unemployed,Other,No,No,No,Yes,No,No,Yes,Yes,Busy,High in Relevance,Yes,No,Potential Lead,Bangalore,02.Medium,02.Medium,30,35,Yes,No,Phone Call,0,0.98749286,0.012507168,0,True
17c4a191-e5b2-4ef4-83d2-abeff2341c44,660741,Landing Page Submission,Google,No,No,1,8,300,5,Viewed Brochure,India,Select,Select,Student,Better Career Prospects,No,No,No,No,Yes,No,Yes,Yes,Will revert after reading the email,Not Sure,No,Yes,Potential Lead,Hyderabad,03.High,03.High,55,70,No,Yes,View in browser link Clicked,0,0.9858019,0.014198112,1,False
